WORD_ID,VOCABULARY_WORD
0,http
1,use
2,list
3,email
4,get
5,mail
6,one
7,free
8,time
9,work
10,messag
11,make
12,like
13,would
14,peopl
15,new
16,inform
17,receiv
18,pleas
19,click
20,busi
21,address
22,want
23,us
24,need
25,order
26,remov
27,also
28,go
29,year
30,send
31,money
32,file
33,compani
34,system
35,report
36,way
37,wrote
38,name
39,user
40,look
41,site
42,chang
43,day
44,know
45,state
46,program
47,may
48,see
49,call
50,could
51,group
52,even
53,think
54,includ
55,linux
56,first
57,offer
58,take
59,say
60,right
61,servic
62,world
63,tri
64,help
65,find
66,internet
67,market
68,product
69,mani
70,much
71,home
72,said
73,softwar
74,web
75,problem
76,date
77,line
78,spam
79,link
80,start
81,check
82,number
83,run
84,good
85,thing
86,well
87,subject
88,interest
89,phone
90,govern
91,person
92,provid
93,set
94,today
95,come
96,ad
97,million
98,give
99,server
100,follow
101,back
102,best
103,month
104,form
105,rate
106,everi
107,secur
108,gener
109,url
110,price
111,still
112,comput
113,packag
114,instal
115,code
116,avail
117,sent
118,life
119,version
120,read
121,commun
122,sinc
123,grant
124,maintain
125,sponsor
126,thank
127,network
128,two
129,differ
130,credit
131,without
132,made
133,develop
134,support
135,within
136,week
137,page
138,write
139,save
140,realli
141,subscript
142,case
143,irish
144,someth
145,current
146,un
147,last
148,anyon
149,onlin
150,complet
151,sure
152,seem
153,build
154,card
155,requir
156,manag
157,custom
158,de
159,ilug
160,never
161,better
162,window
163,keep
164,special
165,ca
166,point
167,place
168,search
169,per
170,anoth
171,found
172,actual
173,access
174,result
175,repli
176,contact
177,question
178,part
179,base
180,listmast
181,old
182,futur
183,issu
184,put
185,wish
186,long
187,next
188,let
189,live
190,hour
191,countri
192,end
193,invest
194,unsubscrib
195,mean
196,must
197,easi
198,process
199,unit
200,great
201,lot
202,got
203,show
204,technolog
205,nation
206,account
207,guarante
208,might
209,power
210,releas
211,legal
212,data
213,cost
214,allow
215,success
216,sourc
217,news
218,engin
219,possibl
220,profession
221,visit
222,trade
223,idea
224,post
225,increas
226,pay
227,ask
228,public
229,advertis
230,open
231,error
232,opportun
233,websit
234,test
235,real
236,sell
237,ever
238,less
239,respons
240,insur
241,plan
242,design
243,tell
244,creat
245,word
246,buy
247,reason
248,prefer
249,howev
250,heaven
251,effect
252,someon
253,aug
254,color
255,cd
256,law
257,sale
258,applic
259,improv
260,around
261,instead
262,fact
263,least
264,box
265,dollar
266,ye
267,fix
268,american
269,rpm
270,job
271,copi
272,probabl
273,simpl
274,origin
275,believ
276,cours
277,contain
278,fax
279,type
280,move
281,happen
282,friend
283,though
284,littl
285,els
286,financi
287,total
288,share
289,welcom
290,valu
291,request
292,add
293,exampl
294,return
295,abl
296,client
297,perl
298,format
299,anyth
300,alway
301,simpli
302,alreadi
303,high
304,protect
305,fill
306,full
307,cash
308,feel
309,mailto
310,directori
311,purchas
312,regard
313,bit
314,licens
315,stop
316,signatur
317,import
318,experi
319,intern
320,answer
321,polici
322,exist
323,past
324,famili
325,note
326,updat
327,learn
328,top
329,info
330,sep
331,geek
332,becom
333,act
334,lead
335,age
336,drive
337,small
338,ship
339,instruct
340,second
341,suppli
342,control
343,databas
344,member
345,thousand
346,low
347,recent
348,incom
349,select
350,featur
351,stuff
352,minut
353,appli
354,turn
355,industri
356,yet
357,sever
358,done
359,folder
360,citi
361,continu
362,limit
363,understand
364,tool
365,detail
366,guid
367,c
368,noth
369,e
370,exmh
371,everyth
372,step
373,notic
374,enough
375,oper
376,big
377,claim
378,sign
379,caus
380,univers
381,letter
382,larg
383,key
384,care
385,other
386,hard
387,three
388,thinkgeek
389,connect
390,record
391,discuss
392,text
393,accept
394,etc
395,bill
396,thu
397,term
398,play
399,offic
400,via
401,pgp
402,specif
403,talk
404,america
405,direct
406,immedi
407,mayb
408,deal
409,download
410,option
411,major
412,seen
413,forc
414,true
415,hope
416,subscrib
417,thought
418,kind
419,center
420,method
421,individu
422,decid
423,rule
424,lose
425,log
426,plu
427,comment
428,natur
429,matter
430,either
431,risk
432,yahoo
433,assist
434,rather
435,present
436,quot
437,content
438,mime
439,away
440,rememb
441,wait
442,r
443,hand
444,bank
445,fund
446,local
447,kernel
448,project
449,secret
450,loan
451,hundr
452,level
453,train
454,corpor
455,activ
456,matthia
457,research
458,consid
459,area
460,razor
461,august
462,forward
463,book
464,bodi
465,root
466,stori
467,addit
468,machin
469,target
470,benefit
471,standard
472,war
473,entir
474,quit
475,suggest
476,bad
477,document
478,appear
479,posit
480,copyright
481,presid
482,global
483,bug
484,author
485,often
486,expect
487,distribut
488,juli
489,polit
490,mind
491,human
492,septemb
493,grow
494,jul
495,ago
496,size
497,hit
498,qualiti
499,trust
500,none
501,partner
502,easili
503,absolut
504,island
505,pm
506,love
507,b
508,agent
509,whether
510,join
511,given
512,involv
513,solut
514,collect
515,happi
516,amount
517,associ
518,fast
519,domain
520,charg
521,singl
522,man
523,whole
524,promot
525,dvd
526,sort
527,later
528,far
529,fork
530,earn
531,parti
532,feder
533,hi
534,upon
535,submit
536,mortgag
537,enter
538,normal
539,meet
540,potenti
541,wrong
542,wed
543,refer
544,function
545,nice
546,red
547,tm
548,load
549,john
550,econom
551,wonder
552,publish
553,transact
554,almost
555,social
556,discov
557,everyon
558,reach
559,close
560,view
561,pass
562,fail
563,execut
564,sound
565,depend
566,perform
567,privat
568,women
569,profit
570,attack
571,broadcast
572,x
573,newslett
574,automat
575,paid
576,relat
577,effort
578,contract
579,statement
580,delet
581,begin
582,mark
583,foreign
584,compil
585,sequenc
586,media
587,miss
588,regist
589,bush
590,spamassassin
591,final
592,cell
593,header
594,figur
595,command
596,stock
597,handl
598,display
599,action
600,similar
601,locat
602,tuesday
603,game
604,pick
605,transfer
606,digit
607,templ
608,disk
609,wo
610,hat
611,event
612,produc
613,chri
614,known
615,soon
616,track
617,articl
618,print
619,tax
620,longer
621,properti
622,mention
623,pretti
624,toner
625,script
626,default
627,store
628,dear
629,men
630,debt
631,pc
632,hous
633,oblig
634,sun
635,respect
636,microsoft
637,imag
638,upgrad
639,organ
640,due
641,enenkio
642,bulk
643,payment
644,weight
645,commiss
646,capit
647,administr
648,health
649,along
650,daili
651,freedom
652,propos
653,usa
654,practic
655,worth
656,half
657,n
658,offici
659,cartridg
660,languag
661,resourc
662,strategi
663,came
664,billion
665,leav
666,late
667,platform
668,concern
669,assum
670,net
671,clear
672,remain
673,exactli
674,devic
675,html
676,street
677,anyway
678,ignor
679,lost
680,car
681,tire
682,ok
683,interact
684,head
685,went
686,tue
687,respond
688,hear
689,deliv
690,taken
691,la
692,tablet
693,independ
694,clean
695,perhap
696,bring
697,configur
698,qualifi
699,space
700,fals
701,averag
702,fine
703,watch
704,invok
705,press
706,recommend
707,expens
708,retail
709,school
710,short
711,membership
712,memori
713,enabl
714,fall
715,consult
716,fee
717,host
718,guess
719,huge
720,left
721,suit
722,xml
723,extrem
724,edit
725,choos
726,review
727,usual
728,common
729,warn
730,advantag
731,en
732,compar
733,except
734,materi
735,agre
736,port
737,region
738,abil
739,main
740,side
741,announc
742,field
743,le
744,paper
745,drop
746,basic
747,five
748,fri
749,guy
750,told
751,although
752,dream
753,educ
754,readi
755,growth
756,black
757,spend
758,hold
759,item
760,vulner
761,win
762,model
763,cheer
764,face
765,replac
766,electron
767,bonu
768,unseen
769,confidenti
770,interfac
771,studi
772,reserv
773,loss
774,altern
775,intend
776,kingdom
777,safe
778,accord
779,mon
780,j
781,avoid
782,choic
783,implement
784,id
785,oz
786,rest
787,multipl
788,approv
789,histori
790,commerci
791,situat
792,break
793,moment
794,employ
795,investig
796,p
797,insid
798,togeth
799,combin
800,extra
801,chanc
802,quick
803,purpos
804,coupl
805,section
806,pictur
807,initi
808,confirm
809,msg
810,advanc
811,goe
812,util
813,court
814,monday
815,across
816,particular
817,burn
818,unless
819,energi
820,object
821,express
822,score
823,india
824,male
825,et
826,video
827,indic
828,took
829,owner
830,filter
831,count
832,sens
833,agenc
834,societi
835,directli
836,correct
837,speed
838,anywher
839,profil
840,variou
841,die
842,procedur
843,valid
844,four
845,uniqu
846,seek
847,gpl
848,cut
849,period
850,ventur
851,match
852,sex
853,especi
854,consum
855,piec
856,certain
857,white
858,spammer
859,behalf
860,kevin
861,investor
862,whatev
863,adam
864,setup
865,explain
866,knowledg
867,class
868,popul
869,remot
870,latest
871,gain
872,atol
873,oh
874,unison
875,militari
876,dagga
877,tip
878,ftp
879,block
880,googl
881,marshal
882,unix
883,south
884,gari
885,patch
886,tv
887,lawrenc
888,establish
889,smoke
890,valuabl
891,team
892,switch
893,java
894,imagin
895,aaaaaaaaaaaaaaaaaaaaaaaaaaaaaaaaaaaaaaaaaaaaaaaaaaaaaaaaaaaaaaaaaaaaaaaaaaaa
896,shop
897,ragga
898,integr
899,robert
900,prevent
901,attempt
902,third
903,prepar
904,boot
905,folk
906,will
907,privaci
908,tag
909,sorri
910,heard
911,manual
912,necessari
913,hardwar
914,sometim
915,screen
916,particip
917,reduc
918,york
919,congress
920,bottl
921,saou
922,china
923,night
924,sa
925,fastest
926,stand
927,cover
928,backup
929,enjoy
930,depart
931,alb
932,seriou
933,goal
934,certainli
935,obtain
936,mass
937,regul
938,driver
939,path
940,h
941,botan
942,lower
943,competit
944,amaz
945,suppos
946,land
947,fulli
948,promis
949,capabl
950,medic
951,speak
952,poor
953,traffic
954,extend
955,apolog
956,introduc
957,lowest
958,titl
959,scienc
960,deathtospamdeathtospamdeathtospam
961,defin
962,describ
963,movi
964,definit
965,troubl
966,exchang
967,neg
968,film
969,cv
970,paul
971,easier
972,rang
973,decis
974,osdn
975,os
976,wireless
977,sender
978,approach
979,death
980,technic
981,six
982,predict
983,earli
984,murphi
985,quickli
986,fortun
987,commit
988,written
989,beberg
990,sold
991,redhat
992,kill
993,worri
994,im
995,ham
996,music
997,firm
998,button
999,judgment
1000,seventh
1001,apt
1002,michael
1003,mobil
1004,fat
1005,father
1006,opinion
1007,king
1008,economi
1009,ensur
1010,north
1011,attach
1012,browser
1013,faster
1014,telephon
1015,premium
1016,bar
1017,player
1018,librari
1019,achiev
1020,argument
1021,archiv
1022,desir
1023,techniqu
1024,separ
1025,adult
1026,travel
1027,enterpris
1028,threat
1029,cooper
1030,demand
1031,board
1032,deserv
1033,appar
1034,uk
1035,f
1036,modul
1037,condit
1038,anim
1039,hello
1040,estat
1041,dave
1042,attent
1043,stay
1044,determin
1045,wide
1046,enhanc
1047,elimin
1048,terrorist
1049,outsid
1050,cabl
1051,virtual
1052,drug
1053,repres
1054,children
1055,monthli
1056,wall
1057,expert
1058,modifi
1059,gnupg
1060,sincer
1061,held
1062,environ
1063,declar
1064,pain
1065,washington
1066,signific
1067,danger
1068,permiss
1069,fun
1070,confid
1071,iii
1072,relev
1073,kid
1074,david
1075,l
1076,canada
1077,w
1078,sum
1079,cat
1080,programm
1081,rich
1082,cc
1083,exclus
1084,g
1085,equip
1086,proven
1087,popular
1088,forev
1089,air
1090,excel
1091,bitbitch
1092,bottom
1093,justin
1094,string
1095,diet
1096,centuri
1097,usd
1098,paragraph
1099,expand
1100,central
1101,factor
1102,friday
1103,skip
1104,identifi
1105,anybodi
1106,monitor
1107,pattern
1108,near
1109,san
1110,relationship
1111,challeng
1112,asset
1113,appreci
1114,toward
1115,excit
1116,director
1117,behind
1118,terror
1119,perfect
1120,girl
1121,confer
1122,exercis
1123,progress
1124,discoveri
1125,roman
1126,among
1127,whose
1128,rais
1129,sexual
1130,citizen
1131,defens
1132,unsolicit
1133,rh
1134,background
1135,difficult
1136,sampl
1137,rel
1138,west
1139,hettinga
1140,fit
1141,road
1142,lender
1143,thread
1144,photo
1145,entri
1146,octob
1147,illeg
1148,intellig
1149,colleg
1150,partit
1151,acquir
1152,spain
1153,chief
1154,confus
1155,earth
1156,strong
1157,reader
1158,seri
1159,solv
1160,william
1161,serv
1162,tie
1163,fair
1164,stupid
1165,largest
1166,tree
1167,ms
1168,european
1169,instant
1170,refin
1171,measur
1172,mode
1173,extract
1174,french
1175,verifi
1176,regular
1177,built
1178,peac
1179,equival
1180,deliveri
1181,procmail
1182,laptop
1183,sweet
1184,mac
1185,index
1186,conveni
1187,oct
1188,lock
1189,resid
1190,slow
1191,reliabl
1192,dead
1193,datapow
1194,tradit
1195,suse
1196,categori
1197,smart
1198,brian
1199,front
1200,graphic
1201,arial
1202,inlin
1203,africa
1204,europ
1205,cach
1206,ident
1207,voic
1208,leader
1209,emerg
1210,realiz
1211,femal
1212,annuiti
1213,ten
1214,evid
1215,statu
1216,useless
1217,tim
1218,verdana
1219,compat
1220,fire
1221,gnu
1222,campaign
1223,capillari
1224,desktop
1225,occur
1226,abus
1227,therefor
1228,young
1229,cultur
1230,gift
1231,physic
1232,revenu
1233,previous
1234,concept
1235,herba
1236,satellit
1237,higher
1238,institut
1239,deposit
1240,walk
1241,warranti
1242,convers
1243,thursday
1244,aid
1245,launch
1246,brand
1247,underlin
1248,concentr
1249,otherwis
1250,contribut
1251,roll
1252,june
1253,degre
1254,nigeria
1255,doubt
1256,arriv
1257,honor
1258,wife
1259,yeah
1260,classifi
1261,echo
1262,indian
1263,pacif
1264,unlimit
1265,repositori
1266,former
1267,inde
1268,carri
1269,weapon
1270,compet
1271,forget
1272,powel
1273,recipi
1274,listen
1275,affili
1276,token
1277,critic
1278,conflict
1279,fight
1280,extens
1281,sat
1282,isp
1283,app
1284,unfortun
1285,storag
1286,tech
1287,percent
1288,surpris
1289,password
1290,detect
1291,art
1292,jabber
1293,hermio
1294,catch
1295,sleep
1296,hot
1297,succeed
1298,civil
1299,sit
1300,effici
1301,assur
1302,basi
1303,alsa
1304,water
1305,panel
1306,printer
1307,intro
1308,substanti
1309,kept
1310,garrigu
1311,ip
1312,jm
1313,scan
1314,light
1315,proprietari
1316,enemi
1317,mine
1318,pull
1319,charact
1320,menu
1321,tabl
1322,descript
1323,v
1324,disabl
1325,truth
1326,output
1327,attract
1328,joe
1329,revers
1330,saw
1331,god
1332,advic
1333,pudg
1334,wednesday
1335,discount
1336,af
1337,balanc
1338,seven
1339,manufactur
1340,structur
1341,analysi
1342,gone
1343,euro
1344,worldwid
1345,vendor
1346,decad
1347,cool
1348,teach
1349,vote
1350,alon
1351,morn
1352,specifi
1353,room
1354,franc
1355,agreement
1356,jame
1357,lack
1358,patent
1359,k
1360,california
1361,awar
1362,wast
1363,editor
1364,gold
1365,boston
1366,whitelist
1367,inc
1368,nobodi
1369,treat
1370,construct
1371,zip
1372,innov
1373,polic
1374,insert
1375,obvious
1376,career
1377,clue
1378,temperatur
1379,theori
1380,journal
1381,u
1382,financ
1383,tom
1384,ga
1385,highli
1386,int
1387,touch
1388,impress
1389,gcc
1390,ultim
1391,afford
1392,son
1393,encourag
1394,constitut
1395,incred
1396,spec
1397,input
1398,flag
1399,usag
1400,trick
1401,correspond
1402,peni
1403,ab
1404,cent
1405,brain
1406,attorney
1407,greater
1408,ebay
1409,anymor
1410,wake
1411,master
1412,boy
1413,blank
1414,jim
1415,hp
1416,annual
1417,trial
1418,blood
1419,middl
1420,mother
1421,previou
1422,mike
1423,cbyi
1424,mechan
1425,larger
1426,el
1427,suffer
1428,urgent
1429,greg
1430,stream
1431,democrat
1432,dan
1433,hate
1434,perman
1435,advis
1436,focu
1437,pound
1438,cheap
1439,speech
1440,particularli
1441,summari
1442,style
1443,underwrit
1444,php
1445,mostli
1446,star
1447,skeptic
1448,varieti
1449,judg
1450,smtp
1451,flow
1452,obviou
1453,behavior
1454,mistak
1455,bold
1456,percentag
1457,dynam
1458,instanc
1459,vacat
1460,wealth
1461,delay
1462,toni
1463,keyboard
1464,binari
1465,republ
1466,destruct
1467,super
1468,earlier
1469,warm
1470,comfort
1471,dark
1472,mailer
1473,telecom
1474,eye
1475,suspect
1476,channel
1477,rock
1478,aa
1479,reveal
1480,arm
1481,auto
1482,woman
1483,rick
1484,termin
1485,laserjet
1486,affect
1487,firewal
1488,ireland
1489,consolid
1490,motiv
1491,essenti
1492,se
1493,steve
1494,ban
1495,knew
1496,tend
1497,domest
1498,alli
1499,btw
1500,principl
1501,heart
1502,floppi
1503,prospect
1504,recogn
1505,consist
1506,skill
1507,rss
1508,english
1509,vipul
1510,wing
1511,highlight
1512,pack
1513,prompt
1514,lawyer
1515,core
1516,impact
1517,estim
1518,beta
1519,opt
1520,dell
1521,somewher
1522,gnome
1523,magazin
1524,eval
1525,invit
1526,defend
1527,restor
1528,nearli
1529,eventu
1530,planta
1531,pipe
1532,ftoc
1533,unlik
1534,vehicl
1535,variabl
1536,task
1537,convert
1538,role
1539,staff
1540,font
1541,beat
1542,lifetim
1543,march
1544,fl
1545,comprehens
1546,revis
1547,hair
1548,map
1549,audio
1550,histor
1551,pocket
1552,modern
1553,ground
1554,clearli
1555,python
1556,dn
1557,eat
1558,biggest
1559,modem
1560,teledynam
1561,babi
1562,despit
1563,food
1564,picasso
1565,ec
1566,strength
1567,favor
1568,bf
1569,bind
1570,commentari
1571,suck
1572,ii
1573,sensit
1574,fresh
1575,complianc
1576,exploit
1577,strongli
1578,coverag
1579,config
1580,mlm
1581,netscap
1582,shown
1583,minimum
1584,dragon
1585,senior
1586,british
1587,peter
1588,met
1589,spot
1590,doctor
1591,gave
1592,mile
1593,liber
1594,interview
1595,conserv
1596,texa
1597,employe
1598,failur
1599,beyond
1600,permit
1601,dont
1602,protocol
1603,truli
1604,instantli
1605,stabl
1606,ea
1607,mailbox
1608,synchron
1609,visa
1610,typic
1611,tape
1612,equal
1613,consider
1614,tx
1615,brought
1616,everybodi
1617,reli
1618,signal
1619,calcul
1620,optim
1621,char
1622,showcas
1623,translat
1624,exact
1625,dial
1626,worst
1627,distanc
1628,draw
1629,proper
1630,hidden
1631,crash
1632,hover
1633,revok
1634,q
1635,led
1636,startup
1637,al
1638,chines
1639,geeg
1640,extern
1641,finish
1642,annoy
1643,yesterday
1644,plant
1645,favorit
1646,bonus
1647,imposs
1648,boss
1649,evil
1650,spent
1651,stylu
1652,neighbor
1653,prove
1654,broker
1655,crimin
1656,foundat
1657,rare
1658,explor
1659,bb
1660,feet
1661,ran
1662,sole
1663,repair
1664,bearer
1665,artist
1666,acknowledg
1667,z
1668,bigger
1669,retriev
1670,sir
1671,pop
1672,properli
1673,planet
1674,strang
1675,poverti
1676,portion
1677,beauti
1678,rob
1679,scientist
1680,somebodi
1681,equiti
1682,edward
1683,hell
1684,hack
1685,england
1686,hotel
1687,expir
1688,safeti
1689,evalu
1690,rebuild
1691,serious
1692,guidelin
1693,spread
1694,antiqu
1695,lie
1696,climat
1697,scheme
1698,sunday
1699,station
1700,prescript
1701,push
1702,bell
1703,summer
1704,iiu
1705,helvetica
1706,autom
1707,jump
1708,correctli
1709,strip
1710,minor
1711,sport
1712,chicago
1713,restrict
1714,becam
1715,mount
1716,gentl
1717,currenc
1718,fundament
1719,entertain
1720,recruit
1721,shape
1722,student
1723,epson
1724,vou
1725,lo
1726,primari
1727,para
1728,radio
1729,headlin
1730,threaten
1731,diseas
1732,resum
1733,spamd
1734,herb
1735,laser
1736,hang
1737,protest
1738,proxi
1739,mainten
1740,seed
1741,happier
1742,architectur
1743,craig
1744,recal
1745,husband
1746,merchant
1747,damag
1748,vast
1749,bc
1750,doubl
1751,remedi
1752,plug
1753,exit
1754,empti
1755,van
1756,corpu
1757,sendmail
1758,feroc
1759,buyer
1760,settlement
1761,prioriti
1762,muscl
1763,stick
1764,faith
1765,laugh
1766,prior
1767,viagra
1768,ba
1769,luck
1770,disappear
1771,hire
1772,angl
1773,ticket
1774,dozen
1775,moor
1776,tel
1777,green
1778,hall
1779,creativ
1780,feedback
1781,symbol
1782,somehow
1783,reg
1784,georg
1785,western
1786,realiti
1787,bother
1788,camera
1789,batteri
1790,hormon
1791,feed
1792,kathmandu
1793,norton
1794,child
1795,supplement
1796,disclaim
1797,ssh
1798,broken
1799,oil
1800,anonym
1801,reject
1802,aspect
1803,seminar
1804,wors
1805,usb
1806,appeal
1807,fantasi
1808,entrepreneur
1809,committe
1810,doc
1811,argu
1812,substanc
1813,acceler
1814,pour
1815,allianc
1816,ie
1817,democraci
1818,shot
1819,parent
1820,shall
1821,arrang
1822,encrypt
1823,convent
1824,perfectli
1825,phrase
1826,observ
1827,serial
1828,random
1829,à
1830,park
1831,electr
1832,slightli
1833,sponsorship
1834,blue
1835,authent
1836,legitim
1837,convinc
1838,mozilla
1839,shock
1840,neither
1841,statist
1842,nort
1843,edificio
1844,funni
1845,alert
1846,frame
1847,hey
1848,appropri
1849,award
1850,edg
1851,door
1852,east
1853,strictli
1854,merg
1855,resolv
1856,refund
1857,auction
1858,queri
1859,barcelona
1860,empir
1861,hunt
1862,tomorrow
1863,pressur
1864,aphrodisia
1865,smaller
1866,repeat
1867,daniel
1868,ac
1869,carrier
1870,volum
1871,stabil
1872,bear
1873,damn
1874,survey
1875,fear
1876,surviv
1877,lesson
1878,eugen
1879,capac
1880,highest
1881,solari
1882,kelli
1883,nt
1884,amend
1885,herbal
1886,mr
1887,te
1888,januari
1889,farquhar
1890,virus
1891,odd
1892,alter
1893,bought
1894,meant
1895,banner
1896,aggress
1897,fairli
1898,union
1899,declin
1900,trip
1901,twice
1902,mason
1903,arrest
1904,strike
1905,owen
1906,pablo
1907,appl
1908,weekend
1909,ah
1910,winner
1911,easiest
1912,cancel
1913,compon
1914,cold
1915,bound
1916,welch
1917,licenc
1918,violat
1919,promiscu
1920,inbox
1921,race
1922,gmt
1923,duplic
1924,zero
1925,complain
1926,harm
1927,exclud
1928,mous
1929,spray
1930,audienc
1931,vari
1932,genet
1933,round
1934,mh
1935,md
1936,deni
1937,honest
1938,pill
1939,farm
1940,scam
1941,presum
1942,postal
1943,prosaka
1944,blog
1945,nativ
1946,formula
1947,mirror
1948,ratio
1949,algorithm
1950,bunch
1951,debian
1952,bandwidth
1953,reduct
1954,sea
1955,precis
1956,analyst
1957,gay
1958,martin
1959,brief
1960,split
1961,possess
1962,tab
1963,club
1964,partnership
1965,iraq
1966,bankruptci
1967,austin
1968,renew
1969,viru
1970,vjestika
1971,elsewher
1972,approxim
1973,compens
1974,reboot
1975,gibbon
1976,â
1977,msgid
1978,plugin
1979,envelop
1980,processor
1981,reward
1982,buffer
1983,gordon
1984,roger
1985,deploy
1986,testimoni
1987,porn
1988,label
1989,grand
1990,weekli
1991,dramat
1992,saturday
1993,lift
1994,margin
1995,massiv
1996,prohibit
1997,fuck
1998,collabor
1999,religion
2000,hmm
2001,infrastructur
2002,sm
2003,millionair
2004,retir
2005,agreeabl
2006,rohit
2007,registr
2008,dig
2009,that
2010,adopt
2011,complex
2012,engag
2013,flash
2014,anytim
2015,nvidia
2016,apart
2017,writer
2018,ibm
2019,cancer
2020,aol
2021,environment
2022,schedul
2023,yellow
2024,ministri
2025,african
2026,plenti
2027,harley
2028,justic
2029,assembl
2030,length
2031,inconveni
2032,northern
2033,conduct
2034,thoma
2035,ae
2036,solicit
2037,satisfi
2038,cycl
2039,ps
2040,shell
2041,acquisit
2042,onto
2043,excess
2044,rose
2045,encount
2046,clock
2047,duncan
2048,self
2049,img
2050,swap
2051,candid
2052,null
2053,own
2054,distro
2055,enforc
2056,mere
2057,henc
2058,began
2059,experienc
2060,rout
2061,ffffff
2062,farmer
2063,grab
2064,domin
2065,invent
2066,prosper
2067,russian
2068,famou
2069,attend
2070,guido
2071,newspap
2072,elect
2073,da
2074,homeown
2075,evolv
2076,demonstr
2077,conclud
2078,transform
2079,pointer
2080,london
2081,straight
2082,kate
2083,scale
2084,wholesal
2085,liter
2086,throw
2087,minim
2088,deep
2089,christian
2090,boost
2091,oppos
2092,receipt
2093,context
2094,televis
2095,rank
2096,toll
2097,unabl
2098,mix
2099,niall
2100,lawsuit
2101,var
2102,wave
2103,glad
2104,solid
2105,chat
2106,buck
2107,murder
2108,hors
2109,colleagu
2110,preserv
2111,co
2112,blame
2113,loop
2114,corrupt
2115,religi
2116,remark
2117,skin
2118,proof
2119,attain
2120,routin
2121,valhalla
2122,assert
2123,crime
2124,resel
2125,entiti
2126,vircio
2127,scientif
2128,tune
2129,marshalles
2130,moral
2131,abacha
2132,numer
2133,asia
2134,inkjet
2135,glm
2136,passphras
2137,inspir
2138,russia
2139,paypal
2140,tast
2141,accur
2142,newsgroup
2143,webmast
2144,habea
2145,brent
2146,replica
2147,mathemat
2148,icq
2149,forest
2150,joseph
2151,heavi
2152,po
2153,chart
2154,ben
2155,na
2156,song
2157,victim
2158,hash
2159,visitor
2160,regardless
2161,sheet
2162,jar
2163,bu
2164,throughout
2165,formal
2166,column
2167,hint
2168,bless
2169,destroy
2170,mountain
2171,brother
2172,rise
2173,frequent
2174,embed
2175,yield
2176,chip
2177,aim
2178,logic
2179,remind
2180,branch
2181,amateur
2182,bay
2183,incompat
2184,ed
2185,labor
2186,classic
2187,decemb
2188,limbo
2189,trace
2190,mess
2191,dog
2192,consequ
2193,freebsd
2194,drink
2195,town
2196,pure
2197,spamtrap
2198,topic
2199,coast
2200,il
2201,est
2202,assign
2203,exceed
2204,joke
2205,violenc
2206,spirit
2207,ladi
2208,medium
2209,que
2210,negoti
2211,privileg
2212,adapt
2213,imho
2214,focus
2215,export
2216,smoker
2217,exhibit
2218,satisfact
2219,prize
2220,worker
2221,pars
2222,gambl
2223,crap
2224,syntax
2225,felt
2226,batch
2227,opposit
2228,incorpor
2229,cheaper
2230,circumst
2231,stamp
2232,complic
2233,pa
2234,byte
2235,specialist
2236,fan
2237,pursu
2238,tremend
2239,vice
2240,appoint
2241,battl
2242,lib
2243,moder
2244,unwant
2245,kit
2246,bet
2247,affair
2248,sur
2249,intel
2250,unknown
2251,sophist
2252,truck
2253,pro
2254,strengthen
2255,struggl
2256,compress
2257,entitl
2258,compel
2259,ui
2260,airlin
2261,admit
2262,alan
2263,older
2264,caught
2265,chairman
2266,boundari
2267,border
2268,goto
2269,trivial
2270,gather
2271,keyword
2272,liberti
2273,lover
2274,okay
2275,florida
2276,loos
2277,jodi
2278,riaa
2279,penni
2280,transmiss
2281,trend
2282,hole
2283,belief
2284,album
2285,owe
2286,stage
2287,disclosur
2288,surfac
2289,ved
2290,airport
2291,ahead
2292,wear
2293,pioneer
2294,muslim
2295,dublin
2296,mastercard
2297,britain
2298,ideal
2299,australia
2300,ownership
2301,sector
2302,jack
2303,weather
2304,dice
2305,relay
2306,mplayer
2307,assumpt
2308,overal
2309,maximum
2310,suffici
2311,adjust
2312,msn
2313,pickl
2314,refus
2315,reform
2316,ice
2317,stephen
2318,tin
2319,maker
2320,weak
2321,stress
2322,encod
2323,dump
2324,palestinian
2325,majesti
2326,scott
2327,outlook
2328,wa
2329,lay
2330,raw
2331,chain
2332,hawaii
2333,wealthi
2334,transpar
2335,finger
2336,ne
2337,hide
2338,schuman
2339,sentenc
2340,propag
2341,debug
2342,magic
2343,portabl
2344,marri
2345,influenc
2346,curv
2347,captur
2348,mandat
2349,proceed
2350,depress
2351,retain
2352,ou
2353,astronom
2354,bone
2355,crack
2356,silli
2357,explan
2358,timeout
2359,egg
2360,ce
2361,trademark
2362,spring
2363,shout
2364,vision
2365,frustrat
2366,session
2367,catalog
2368,holiday
2369,dinosaur
2370,patrick
2371,whatsoev
2372,submiss
2373,endeavor
2374,lilo
2375,admin
2376,unusu
2377,mysql
2378,intellectu
2379,movement
2380,randomli
2381,weird
2382,latter
2383,casino
2384,rapidli
2385,ar
2386,speaker
2387,api
2388,ethic
2389,francisco
2390,hospit
2391,scratch
2392,besid
2393,fli
2394,corner
2395,spambay
2396,gpg
2397,outstand
2398,inexpens
2399,circl
2400,hacker
2401,settl
2402,virginia
2403,rah
2404,tower
2405,buri
2406,ram
2407,heck
2408,belong
2409,pentium
2410,formul
2411,minist
2412,constant
2413,greatest
2414,recognit
2415,twenti
2416,organis
2417,openssl
2418,intent
2419,thirti
2420,iroijlaplap
2421,ez
2422,tivo
2423,ton
2424,du
2425,jeremi
2426,expos
2427,celebr
2428,germani
2429,scholarship
2430,fuel
2431,plane
2432,eb
2433,xxx
2434,preced
2435,joint
2436,igtt
2437,bomb
2438,necessarili
2439,abandon
2440,prob
2441,lean
2442,ir
2443,snore
2444,armi
2445,marriag
2446,jurisdict
2447,element
2448,conclus
2449,fp
2450,greet
2451,une
2452,german
2453,harvest
2454,wild
2455,richard
2456,forum
2457,japan
2458,draft
2459,arg
2460,framework
2461,maxim
2462,relax
2463,theme
2464,openssh
2465,season
2466,es
2467,tweak
2468,recov
2469,dr
2470,subsequ
2471,council
2472,ximian
2473,flight
2474,zone
2475,anthoni
2476,telecommun
2477,maxaman
2478,rm
2479,scope
2480,advisor
2481,contest
2482,pci
2483,shoot
2484,con
2485,asian
2486,bond
2487,raid
2488,ratak
2489,milter
2490,mutual
2491,scenario
2492,freez
2493,leas
2494,bullet
2495,elig
2496,hook
2497,capitalist
2498,dedic
2499,layer
